,STNAME,FIPS
0,Alabama,1001
1,Alabama,1003
2,Alabama,1005
3,Alabama,1007
4,Alabama,1009
5,Alabama,1011
6,Alabama,1013
7,Alabama,1015
8,Alabama,1017
9,Alabama,1019
10,Alabama,1021
11,Alabama,1023
12,Alabama,1025
13,Alabama,1027
14,Alabama,1029
15,Alabama,1031
16,Alabama,1033
17,Alabama,1035
18,Alabama,1037
19,Alabama,1039
20,Alabama,1041
21,Alabama,1043
22,Alabama,1045
23,Alabama,1047
24,Alabama,1049
25,Alabama,1051
26,Alabama,1053
27,Alabama,1055
28,Alabama,1057
29,Alabama,1059
30,Alabama,1061
31,Alabama,1063
32,Alabama,1065
33,Alabama,1067
34,Alabama,1069
35,Alabama,1071
36,Alabama,1073
37,Alabama,1075
38,Alabama,1077
39,Alabama,1079
40,Alabama,1081
41,Alabama,1083
42,Alabama,1085
43,Alabama,1087
44,Alabama,1089
45,Alabama,1091
46,Alabama,1093
47,Alabama,1095
48,Alabama,1097
49,Alabama,1099
50,Alabama,1101
51,Alabama,1103
52,Alabama,1105
53,Alabama,1107
54,Alabama,1109
55,Alabama,1111
56,Alabama,1113
57,Alabama,1115
58,Alabama,1117
59,Alabama,1119
60,Alabama,1121
61,Alabama,1123
62,Alabama,1125
63,Alabama,1127
64,Alabama,1129
65,Alabama,1131
66,Alabama,1133
67,Alaska,2013
68,Alaska,2016
69,Alaska,2020
70,Alaska,2050
71,Alaska,2060
72,Alaska,2068
73,Alaska,2070
74,Alaska,2090
75,Alaska,2100
76,Alaska,2105
77,Alaska,2110
78,Alaska,2122
79,Alaska,2130
80,Alaska,2150
81,Alaska,2158
82,Alaska,2164
83,Alaska,2170
84,Alaska,2180
85,Alaska,2185
86,Alaska,2188
87,Alaska,2195
88,Alaska,2198
89,Alaska,2220
90,Alaska,2230
91,Alaska,2240
92,Alaska,2275
93,Alaska,2282
94,Alaska,2290
95,Arizona,4001
96,Arizona,4003
97,Arizona,4005
98,Arizona,4007
99,Arizona,4009
100,Arizona,4011
101,Arizona,4012
102,Arizona,4013
103,Arizona,4015
104,Arizona,4017
105,Arizona,4019
106,Arizona,4021
107,Arizona,4023
108,Arizona,4025
109,Arizona,4027
110,Arkansas,5001
111,Arkansas,5003
112,Arkansas,5005
113,Arkansas,5007
114,Arkansas,5009
115,Arkansas,5011
116,Arkansas,5013
117,Arkansas,5015
118,Arkansas,5017
119,Arkansas,5019
120,Arkansas,5021
121,Arkansas,5023
122,Arkansas,5025
123,Arkansas,5027
124,Arkansas,5029
125,Arkansas,5031
126,Arkansas,5033
127,Arkansas,5035
128,Arkansas,5037
129,Arkansas,5039
130,Arkansas,5041
131,Arkansas,5043
132,Arkansas,5045
133,Arkansas,5047
134,Arkansas,5049
135,Arkansas,5051
136,Arkansas,5053
137,Arkansas,5055
138,Arkansas,5057
139,Arkansas,5059
140,Arkansas,5061
141,Arkansas,5063
142,Arkansas,5065
143,Arkansas,5067
144,Arkansas,5069
145,Arkansas,5071
146,Arkansas,5073
147,Arkansas,5075
148,Arkansas,5077
149,Arkansas,5079
150,Arkansas,5081
151,Arkansas,5083
152,Arkansas,5085
153,Arkansas,5087
154,Arkansas,5089
155,Arkansas,5091
156,Arkansas,5093
157,Arkansas,5095
158,Arkansas,5097
159,Arkansas,5099
160,Arkansas,5101
161,Arkansas,5103
162,Arkansas,5105
163,Arkansas,5107
164,Arkansas,5109
165,Arkansas,5111
166,Arkansas,5113
167,Arkansas,5115
168,Arkansas,5117
169,Arkansas,5119
170,Arkansas,5121
171,Arkansas,5123
172,Arkansas,5125
173,Arkansas,5127
174,Arkansas,5129
175,Arkansas,5131
176,Arkansas,5133
177,Arkansas,5135
178,Arkansas,5137
179,Arkansas,5139
180,Arkansas,5141
181,Arkansas,5143
182,Arkansas,5145
183,Arkansas,5147
184,Arkansas,5149
185,California,6001
186,California,6003
187,California,6005
188,California,6007
189,California,6009
190,California,6011
191,California,6013
192,California,6015
193,California,6017
194,California,6019
195,California,6021
196,California,6023
197,California,6025
198,California,6027
199,California,6029
200,California,6031
201,California,6033
202,California,6035
203,California,6037
204,California,6039
205,California,6041
206,California,6043
207,California,6045
208,California,6047
209,California,6049
210,California,6051
211,California,6053
212,California,6055
213,California,6057
214,California,6059
215,California,6061
216,California,6063
217,California,6065
218,California,6067
219,California,6069
220,California,6071
221,California,6073
222,California,6075
223,California,6077
224,California,6079
225,California,6081
226,California,6083
227,California,6085
228,California,6087
229,California,6089
230,California,6091
231,California,6093
232,California,6095
233,California,6097
234,California,6099
235,California,6101
236,California,6103
237,California,6105
238,California,6107
239,California,6109
240,California,6111
241,California,6113
242,California,6115
243,Colorado,8001
244,Colorado,8003
245,Colorado,8005
246,Colorado,8007
247,Colorado,8009
248,Colorado,8011
249,Colorado,8013
250,Colorado,8014
251,Colorado,8015
252,Colorado,8017
253,Colorado,8019
254,Colorado,8021
255,Colorado,8023
256,Colorado,8025
257,Colorado,8027
258,Colorado,8029
259,Colorado,8031
260,Colorado,8033
261,Colorado,8035
262,Colorado,8037
263,Colorado,8039
264,Colorado,8041
265,Colorado,8043
266,Colorado,8045
267,Colorado,8047
268,Colorado,8049
269,Colorado,8051
270,Colorado,8053
271,Colorado,8055
272,Colorado,8057
273,Colorado,8059
274,Colorado,8061
275,Colorado,8063
276,Colorado,8065
277,Colorado,8067
278,Colorado,8069
279,Colorado,8071
280,Colorado,8073
281,Colorado,8075
282,Colorado,8077
283,Colorado,8079
284,Colorado,8081
285,Colorado,8083
286,Colorado,8085
287,Colorado,8087
288,Colorado,8089
289,Colorado,8091
290,Colorado,8093
291,Colorado,8095
292,Colorado,8097
293,Colorado,8099
294,Colorado,8101
295,Colorado,8103
296,Colorado,8105
297,Colorado,8107
298,Colorado,8109
299,Colorado,8111
300,Colorado,8113
301,Colorado,8115
302,Colorado,8117
303,Colorado,8119
304,Colorado,8121
305,Colorado,8123
306,Colorado,8125
307,Connecticut,9001
308,Connecticut,9003
309,Connecticut,9005
310,Connecticut,9007
311,Connecticut,9009
312,Connecticut,9011
313,Connecticut,9013
314,Connecticut,9015
315,Delaware,10001
316,Delaware,10003
317,Delaware,10005
318,District of Columbia,11001
319,Florida,12001
320,Florida,12003
321,Florida,12005
322,Florida,12007
323,Florida,12009
324,Florida,12011
325,Florida,12013
326,Florida,12015
327,Florida,12017
328,Florida,12019
329,Florida,12021
330,Florida,12023
331,Florida,12027
332,Florida,12029
333,Florida,12031
334,Florida,12033
335,Florida,12035
336,Florida,12037
337,Florida,12039
338,Florida,12041
339,Florida,12043
340,Florida,12045
341,Florida,12047
342,Florida,12049
343,Florida,12051
344,Florida,12053
345,Florida,12055
346,Florida,12057
347,Florida,12059
348,Florida,12061
349,Florida,12063
350,Florida,12065
351,Florida,12067
352,Florida,12069
353,Florida,12071
354,Florida,12073
355,Florida,12075
356,Florida,12077
357,Florida,12079
358,Florida,12081
359,Florida,12083
360,Florida,12085
361,Florida,12086
362,Florida,12087
363,Florida,12089
364,Florida,12091
365,Florida,12093
366,Florida,12095
367,Florida,12097
368,Florida,12099
369,Florida,12101
370,Florida,12103
371,Florida,12105
372,Florida,12107
373,Florida,12109
374,Florida,12111
375,Florida,12113
376,Florida,12115
377,Florida,12117
378,Florida,12119
379,Florida,12121
380,Florida,12123
381,Florida,12125
382,Florida,12127
383,Florida,12129
384,Florida,12131
385,Florida,12133
386,Georgia,13001
387,Georgia,13003
388,Georgia,13005
389,Georgia,13007
390,Georgia,13009
391,Georgia,13011
392,Georgia,13013
393,Georgia,13015
394,Georgia,13017
395,Georgia,13019
396,Georgia,13021
397,Georgia,13023
398,Georgia,13025
399,Georgia,13027
400,Georgia,13029
401,Georgia,13031
402,Georgia,13033
403,Georgia,13035
404,Georgia,13037
405,Georgia,13039
406,Georgia,13043
407,Georgia,13045
408,Georgia,13047
409,Georgia,13049
410,Georgia,13051
411,Georgia,13053
412,Georgia,13055
413,Georgia,13057
414,Georgia,13059
415,Georgia,13061
416,Georgia,13063
417,Georgia,13065
418,Georgia,13067
419,Georgia,13069
420,Georgia,13071
421,Georgia,13073
422,Georgia,13075
423,Georgia,13077
424,Georgia,13079
425,Georgia,13081
426,Georgia,13083
427,Georgia,13085
428,Georgia,13087
429,Georgia,13089
430,Georgia,13091
431,Georgia,13093
432,Georgia,13095
433,Georgia,13097
434,Georgia,13099
435,Georgia,13101
436,Georgia,13103
437,Georgia,13105
438,Georgia,13107
439,Georgia,13109
440,Georgia,13111
441,Georgia,13113
442,Georgia,13115
443,Georgia,13117
444,Georgia,13119
445,Georgia,13121
446,Georgia,13123
447,Georgia,13125
448,Georgia,13127
449,Georgia,13129
450,Georgia,13131
451,Georgia,13133
452,Georgia,13135
453,Georgia,13137
454,Georgia,13139
455,Georgia,13141
456,Georgia,13143
457,Georgia,13145
458,Georgia,13147
459,Georgia,13149
460,Georgia,13151
461,Georgia,13153
462,Georgia,13155
463,Georgia,13157
464,Georgia,13159
465,Georgia,13161
466,Georgia,13163
467,Georgia,13165
468,Georgia,13167
469,Georgia,13169
470,Georgia,13171
471,Georgia,13173
472,Georgia,13175
473,Georgia,13177
474,Georgia,13179
475,Georgia,13181
476,Georgia,13183
477,Georgia,13185
478,Georgia,13187
479,Georgia,13189
480,Georgia,13191
481,Georgia,13193
482,Georgia,13195
483,Georgia,13197
484,Georgia,13199
485,Georgia,13201
486,Georgia,13205
487,Georgia,13207
488,Georgia,13209
489,Georgia,13211
490,Georgia,13213
491,Georgia,13215
492,Georgia,13217
493,Georgia,13219
494,Georgia,13221
495,Georgia,13223
496,Georgia,13225
497,Georgia,13227
498,Georgia,13229
499,Georgia,13231
500,Georgia,13233
501,Georgia,13235
502,Georgia,13237
503,Georgia,13239
504,Georgia,13241
505,Georgia,13243
506,Georgia,13245
507,Georgia,13247
508,Georgia,13249
509,Georgia,13251
510,Georgia,13253
511,Georgia,13255
512,Georgia,13257
513,Georgia,13259
514,Georgia,13261
515,Georgia,13263
516,Georgia,13265
517,Georgia,13267
518,Georgia,13269
519,Georgia,13271
520,Georgia,13273
521,Georgia,13275
522,Georgia,13277
523,Georgia,13279
524,Georgia,13281
525,Georgia,13283
526,Georgia,13285
527,Georgia,13287
528,Georgia,13289
529,Georgia,13291
530,Georgia,13293
531,Georgia,13295
532,Georgia,13297
533,Georgia,13299
534,Georgia,13301
535,Georgia,13303
536,Georgia,13305
537,Georgia,13307
538,Georgia,13309
539,Georgia,13311
540,Georgia,13313
541,Georgia,13315
542,Georgia,13317
543,Georgia,13319
544,Georgia,13321
545,Hawaii,15001
546,Hawaii,15003
547,Hawaii,15005
548,Hawaii,15007
549,Hawaii,15009
550,Idaho,16001
551,Idaho,16003
552,Idaho,16005
553,Idaho,16007
554,Idaho,16009
555,Idaho,16011
556,Idaho,16013
557,Idaho,16015
558,Idaho,16017
559,Idaho,16019
560,Idaho,16021
561,Idaho,16023
562,Idaho,16025
563,Idaho,16027
564,Idaho,16029
565,Idaho,16031
566,Idaho,16033
567,Idaho,16035
568,Idaho,16037
569,Idaho,16039
570,Idaho,16041
571,Idaho,16043
572,Idaho,16045
573,Idaho,16047
574,Idaho,16049
575,Idaho,16051
576,Idaho,16053
577,Idaho,16055
578,Idaho,16057
579,Idaho,16059
580,Idaho,16061
581,Idaho,16063
582,Idaho,16065
583,Idaho,16067
584,Idaho,16069
585,Idaho,16071
586,Idaho,16073
587,Idaho,16075
588,Idaho,16077
589,Idaho,16079
590,Idaho,16081
591,Idaho,16083
592,Idaho,16085
593,Idaho,16087
594,Illinois,17001
595,Illinois,17003
596,Illinois,17005
597,Illinois,17007
598,Illinois,17009
599,Illinois,17011
600,Illinois,17013
601,Illinois,17015
602,Illinois,17017
603,Illinois,17019
604,Illinois,17021
605,Illinois,17023
606,Illinois,17025
607,Illinois,17027
608,Illinois,17029
609,Illinois,17031
610,Illinois,17033
611,Illinois,17035
612,Illinois,17037
613,Illinois,17039
614,Illinois,17041
615,Illinois,17043
616,Illinois,17045
617,Illinois,17047
618,Illinois,17049
619,Illinois,17051
620,Illinois,17053
621,Illinois,17055
622,Illinois,17057
623,Illinois,17059
624,Illinois,17061
625,Illinois,17063
626,Illinois,17065
627,Illinois,17067
628,Illinois,17069
629,Illinois,17071
630,Illinois,17073
631,Illinois,17075
632,Illinois,17077
633,Illinois,17079
634,Illinois,17081
635,Illinois,17083
636,Illinois,17085
637,Illinois,17087
638,Illinois,17089
639,Illinois,17091
640,Illinois,17093
641,Illinois,17095
642,Illinois,17097
643,Illinois,17099
644,Illinois,17101
645,Illinois,17103
646,Illinois,17105
647,Illinois,17107
648,Illinois,17109
649,Illinois,17111
650,Illinois,17113
651,Illinois,17115
652,Illinois,17117
653,Illinois,17119
654,Illinois,17121
655,Illinois,17123
656,Illinois,17125
657,Illinois,17127
658,Illinois,17129
659,Illinois,17131
660,Illinois,17133
661,Illinois,17135
662,Illinois,17137
663,Illinois,17139
664,Illinois,17141
665,Illinois,17143
666,Illinois,17145
667,Illinois,17147
668,Illinois,17149
669,Illinois,17151
670,Illinois,17153
671,Illinois,17155
672,Illinois,17157
673,Illinois,17159
674,Illinois,17161
675,Illinois,17163
676,Illinois,17165
677,Illinois,17167
678,Illinois,17169
679,Illinois,17171
680,Illinois,17173
681,Illinois,17175
682,Illinois,17177
683,Illinois,17179
684,Illinois,17181
685,Illinois,17183
686,Illinois,17185
687,Illinois,17187
688,Illinois,17189
689,Illinois,17191
690,Illinois,17193
691,Illinois,17195
692,Illinois,17197
693,Illinois,17199
694,Illinois,17201
695,Illinois,17203
696,Indiana,18001
697,Indiana,18003
698,Indiana,18005
699,Indiana,18007
700,Indiana,18009
701,Indiana,18011
702,Indiana,18013
703,Indiana,18015
704,Indiana,18017
705,Indiana,18019
706,Indiana,18021
707,Indiana,18023
708,Indiana,18025
709,Indiana,18027
710,Indiana,18029
711,Indiana,18031
712,Indiana,18033
713,Indiana,18035
714,Indiana,18037
715,Indiana,18039
716,Indiana,18041
717,Indiana,18043
718,Indiana,18045
719,Indiana,18047
720,Indiana,18049
721,Indiana,18051
722,Indiana,18053
723,Indiana,18055
724,Indiana,18057
725,Indiana,18059
726,Indiana,18061
727,Indiana,18063
728,Indiana,18065
729,Indiana,18067
730,Indiana,18069
731,Indiana,18071
732,Indiana,18073
733,Indiana,18075
734,Indiana,18077
735,Indiana,18079
736,Indiana,18081
737,Indiana,18083
738,Indiana,18085
739,Indiana,18087
740,Indiana,18089
741,Indiana,18091
742,Indiana,18093
743,Indiana,18095
744,Indiana,18097
745,Indiana,18099
746,Indiana,18101
747,Indiana,18103
748,Indiana,18105
749,Indiana,18107
750,Indiana,18109
751,Indiana,18111
752,Indiana,18113
753,Indiana,18115
754,Indiana,18117
755,Indiana,18119
756,Indiana,18121
757,Indiana,18123
758,Indiana,18125
759,Indiana,18127
760,Indiana,18129
761,Indiana,18131
762,Indiana,18133
763,Indiana,18135
764,Indiana,18137
765,Indiana,18139
766,Indiana,18141
767,Indiana,18143
768,Indiana,18145
769,Indiana,18147
770,Indiana,18149
771,Indiana,18151
772,Indiana,18153
773,Indiana,18155
774,Indiana,18157
775,Indiana,18159
776,Indiana,18161
777,Indiana,18163
778,Indiana,18165
779,Indiana,18167
780,Indiana,18169
781,Indiana,18171
782,Indiana,18173
783,Indiana,18175
784,Indiana,18177
785,Indiana,18179
786,Indiana,18181
787,Indiana,18183
788,Iowa,19001
789,Iowa,19003
790,Iowa,19005
791,Iowa,19007
792,Iowa,19009
793,Iowa,19011
794,Iowa,19013
795,Iowa,19015
796,Iowa,19017
797,Iowa,19019
798,Iowa,19021
799,Iowa,19023
800,Iowa,19025
801,Iowa,19027
802,Iowa,19029
803,Iowa,19031
804,Iowa,19033
805,Iowa,19035
806,Iowa,19037
807,Iowa,19039
808,Iowa,19041
809,Iowa,19043
810,Iowa,19045
811,Iowa,19047
812,Iowa,19049
813,Iowa,19051
814,Iowa,19053
815,Iowa,19055
816,Iowa,19057
817,Iowa,19059
818,Iowa,19061
819,Iowa,19063
820,Iowa,19065
821,Iowa,19067
822,Iowa,19069
823,Iowa,19071
824,Iowa,19073
825,Iowa,19075
826,Iowa,19077
827,Iowa,19079
828,Iowa,19081
829,Iowa,19083
830,Iowa,19085
831,Iowa,19087
832,Iowa,19089
833,Iowa,19091
834,Iowa,19093
835,Iowa,19095
836,Iowa,19097
837,Iowa,19099
838,Iowa,19101
839,Iowa,19103
840,Iowa,19105
841,Iowa,19107
842,Iowa,19109
843,Iowa,19111
844,Iowa,19113
845,Iowa,19115
846,Iowa,19117
847,Iowa,19119
848,Iowa,19121
849,Iowa,19123
850,Iowa,19125
851,Iowa,19127
852,Iowa,19129
853,Iowa,19131
854,Iowa,19133
855,Iowa,19135
856,Iowa,19137
857,Iowa,19139
858,Iowa,19141
859,Iowa,19143
860,Iowa,19145
861,Iowa,19147
862,Iowa,19149
863,Iowa,19151
864,Iowa,19153
865,Iowa,19155
866,Iowa,19157
867,Iowa,19159
868,Iowa,19161
869,Iowa,19163
870,Iowa,19165
871,Iowa,19167
872,Iowa,19169
873,Iowa,19171
874,Iowa,19173
875,Iowa,19175
876,Iowa,19177
877,Iowa,19179
878,Iowa,19181
879,Iowa,19183
880,Iowa,19185
881,Iowa,19187
882,Iowa,19189
883,Iowa,19191
884,Iowa,19193
885,Iowa,19195
886,Iowa,19197
887,Kansas,20001
888,Kansas,20003
889,Kansas,20005
890,Kansas,20007
891,Kansas,20009
892,Kansas,20011
893,Kansas,20013
894,Kansas,20015
895,Kansas,20017
896,Kansas,20019
897,Kansas,20021
898,Kansas,20023
899,Kansas,20025
900,Kansas,20027
901,Kansas,20029
902,Kansas,20031
903,Kansas,20033
904,Kansas,20035
905,Kansas,20037
906,Kansas,20039
907,Kansas,20041
908,Kansas,20043
909,Kansas,20045
910,Kansas,20047
911,Kansas,20049
912,Kansas,20051
913,Kansas,20053
914,Kansas,20055
915,Kansas,20057
916,Kansas,20059
917,Kansas,20061
918,Kansas,20063
919,Kansas,20065
920,Kansas,20067
921,Kansas,20069
922,Kansas,20071
923,Kansas,20073
924,Kansas,20075
925,Kansas,20077
926,Kansas,20079
927,Kansas,20081
928,Kansas,20083
929,Kansas,20085
930,Kansas,20087
931,Kansas,20089
932,Kansas,20091
933,Kansas,20093
934,Kansas,20095
935,Kansas,20097
936,Kansas,20099
937,Kansas,20101
938,Kansas,20103
939,Kansas,20105
940,Kansas,20107
941,Kansas,20109
942,Kansas,20111
943,Kansas,20113
944,Kansas,20115
945,Kansas,20117
946,Kansas,20119
947,Kansas,20121
948,Kansas,20123
949,Kansas,20125
950,Kansas,20127
951,Kansas,20129
952,Kansas,20131
953,Kansas,20133
954,Kansas,20135
955,Kansas,20137
956,Kansas,20139
957,Kansas,20141
958,Kansas,20143
959,Kansas,20145
960,Kansas,20147
961,Kansas,20149
962,Kansas,20151
963,Kansas,20153
964,Kansas,20155
965,Kansas,20157
966,Kansas,20159
967,Kansas,20161
968,Kansas,20163
969,Kansas,20165
970,Kansas,20167
971,Kansas,20169
972,Kansas,20171
973,Kansas,20173
974,Kansas,20175
975,Kansas,20177
976,Kansas,20179
977,Kansas,20181
978,Kansas,20183
979,Kansas,20185
980,Kansas,20187
981,Kansas,20189
982,Kansas,20191
983,Kansas,20193
984,Kansas,20195
985,Kansas,20197
986,Kansas,20199
987,Kansas,20201
988,Kansas,20203
989,Kansas,20205
990,Kansas,20207
991,Kansas,20209
992,Kentucky,21001
993,Kentucky,21003
994,Kentucky,21005
995,Kentucky,21007
996,Kentucky,21009
997,Kentucky,21011
998,Kentucky,21013
999,Kentucky,21015
1000,Kentucky,21017
1001,Kentucky,21019
1002,Kentucky,21021
1003,Kentucky,21023
1004,Kentucky,21025
1005,Kentucky,21027
1006,Kentucky,21029
1007,Kentucky,21031
1008,Kentucky,21033
1009,Kentucky,21035
1010,Kentucky,21037
1011,Kentucky,21039
1012,Kentucky,21041
1013,Kentucky,21043
1014,Kentucky,21045
1015,Kentucky,21047
1016,Kentucky,21049
1017,Kentucky,21051
1018,Kentucky,21053
1019,Kentucky,21055
1020,Kentucky,21057
1021,Kentucky,21059
1022,Kentucky,21061
1023,Kentucky,21063
1024,Kentucky,21065
1025,Kentucky,21067
1026,Kentucky,21069
1027,Kentucky,21071
1028,Kentucky,21073
1029,Kentucky,21075
1030,Kentucky,21077
1031,Kentucky,21079
1032,Kentucky,21081
1033,Kentucky,21083
1034,Kentucky,21085
1035,Kentucky,21087
1036,Kentucky,21089
1037,Kentucky,21091
1038,Kentucky,21093
1039,Kentucky,21095
1040,Kentucky,21097
1041,Kentucky,21099
1042,Kentucky,21101
1043,Kentucky,21103
1044,Kentucky,21105
1045,Kentucky,21107
1046,Kentucky,21109
1047,Kentucky,21111
1048,Kentucky,21113
1049,Kentucky,21115
1050,Kentucky,21117
1051,Kentucky,21119
1052,Kentucky,21121
1053,Kentucky,21123
1054,Kentucky,21125
1055,Kentucky,21127
1056,Kentucky,21129
1057,Kentucky,21131
1058,Kentucky,21133
1059,Kentucky,21135
1060,Kentucky,21137
1061,Kentucky,21139
1062,Kentucky,21141
1063,Kentucky,21143
1064,Kentucky,21145
1065,Kentucky,21147
1066,Kentucky,21149
1067,Kentucky,21151
1068,Kentucky,21153
1069,Kentucky,21155
1070,Kentucky,21157
1071,Kentucky,21159
1072,Kentucky,21161
1073,Kentucky,21163
1074,Kentucky,21165
1075,Kentucky,21167
1076,Kentucky,21169
1077,Kentucky,21171
1078,Kentucky,21173
1079,Kentucky,21175
1080,Kentucky,21177
1081,Kentucky,21179
1082,Kentucky,21181
1083,Kentucky,21183
1084,Kentucky,21185
1085,Kentucky,21187
1086,Kentucky,21189
1087,Kentucky,21191
1088,Kentucky,21193
1089,Kentucky,21195
1090,Kentucky,21197
1091,Kentucky,21199
1092,Kentucky,21201
1093,Kentucky,21203
1094,Kentucky,21205
1095,Kentucky,21207
1096,Kentucky,21209
1097,Kentucky,21211
1098,Kentucky,21213
1099,Kentucky,21215
1100,Kentucky,21217
1101,Kentucky,21219
1102,Kentucky,21221
1103,Kentucky,21223
1104,Kentucky,21225
1105,Kentucky,21227
1106,Kentucky,21229
1107,Kentucky,21231
1108,Kentucky,21233
1109,Kentucky,21235
1110,Kentucky,21237
1111,Kentucky,21239
1112,Louisiana,22001
1113,Louisiana,22003
1114,Louisiana,22005
1115,Louisiana,22007
1116,Louisiana,22009
1117,Louisiana,22011
1118,Louisiana,22013
1119,Louisiana,22015
1120,Louisiana,22017
1121,Louisiana,22019
1122,Louisiana,22021
1123,Louisiana,22023
1124,Louisiana,22025
1125,Louisiana,22027
1126,Louisiana,22029
1127,Louisiana,22031
1128,Louisiana,22033
1129,Louisiana,22035
1130,Louisiana,22037
1131,Louisiana,22039
1132,Louisiana,22041
1133,Louisiana,22043
1134,Louisiana,22045
1135,Louisiana,22047
1136,Louisiana,22049
1137,Louisiana,22051
1138,Louisiana,22053
1139,Louisiana,22055
1140,Louisiana,22057
1141,Louisiana,22059
1142,Louisiana,22061
1143,Louisiana,22063
1144,Louisiana,22065
1145,Louisiana,22067
1146,Louisiana,22069
1147,Louisiana,22071
1148,Louisiana,22073
1149,Louisiana,22075
1150,Louisiana,22077
1151,Louisiana,22079
1152,Louisiana,22081
1153,Louisiana,22083
1154,Louisiana,22085
1155,Louisiana,22087
1156,Louisiana,22089
1157,Louisiana,22091
1158,Louisiana,22093
1159,Louisiana,22095
1160,Louisiana,22097
1161,Louisiana,22099
1162,Louisiana,22101
1163,Louisiana,22103
1164,Louisiana,22105
1165,Louisiana,22107
1166,Louisiana,22109
1167,Louisiana,22111
1168,Louisiana,22113
1169,Louisiana,22115
1170,Louisiana,22117
1171,Louisiana,22119
1172,Louisiana,22121
1173,Louisiana,22123
1174,Louisiana,22125
1175,Louisiana,22127
1176,Maine,23001
1177,Maine,23003
1178,Maine,23005
1179,Maine,23007
1180,Maine,23009
1181,Maine,23011
1182,Maine,23013
1183,Maine,23015
1184,Maine,23017
1185,Maine,23019
1186,Maine,23021
1187,Maine,23023
1188,Maine,23025
1189,Maine,23027
1190,Maine,23029
1191,Maine,23031
1192,Maryland,24001
1193,Maryland,24003
1194,Maryland,24005
1195,Maryland,24009
1196,Maryland,24011
1197,Maryland,24013
1198,Maryland,24015
1199,Maryland,24017
1200,Maryland,24019
1201,Maryland,24021
1202,Maryland,24023
1203,Maryland,24025
1204,Maryland,24027
1205,Maryland,24029
1206,Maryland,24031
1207,Maryland,24033
1208,Maryland,24035
1209,Maryland,24037
1210,Maryland,24039
1211,Maryland,24041
1212,Maryland,24043
1213,Maryland,24045
1214,Maryland,24047
1215,Maryland,24510
1216,Massachusetts,25001
1217,Massachusetts,25003
1218,Massachusetts,25005
1219,Massachusetts,25007
1220,Massachusetts,25009
1221,Massachusetts,25011
1222,Massachusetts,25013
1223,Massachusetts,25015
1224,Massachusetts,25017
1225,Massachusetts,25019
1226,Massachusetts,25021
1227,Massachusetts,25023
1228,Massachusetts,25025
1229,Massachusetts,25027
1230,Michigan,26001
1231,Michigan,26003
1232,Michigan,26005
1233,Michigan,26007
1234,Michigan,26009
1235,Michigan,26011
1236,Michigan,26013
1237,Michigan,26015
1238,Michigan,26017
1239,Michigan,26019
1240,Michigan,26021
1241,Michigan,26023
1242,Michigan,26025
1243,Michigan,26027
1244,Michigan,26029
1245,Michigan,26031
1246,Michigan,26033
1247,Michigan,26035
1248,Michigan,26037
1249,Michigan,26039
1250,Michigan,26041
1251,Michigan,26043
1252,Michigan,26045
1253,Michigan,26047
1254,Michigan,26049
1255,Michigan,26051
1256,Michigan,26053
1257,Michigan,26055
1258,Michigan,26057
1259,Michigan,26059
1260,Michigan,26061
1261,Michigan,26063
1262,Michigan,26065
1263,Michigan,26067
1264,Michigan,26069
1265,Michigan,26071
1266,Michigan,26073
1267,Michigan,26075
1268,Michigan,26077
1269,Michigan,26079
1270,Michigan,26081
1271,Michigan,26083
1272,Michigan,26085
1273,Michigan,26087
1274,Michigan,26089
1275,Michigan,26091
1276,Michigan,26093
1277,Michigan,26095
1278,Michigan,26097
1279,Michigan,26099
1280,Michigan,26101
1281,Michigan,26103
1282,Michigan,26105
1283,Michigan,26107
1284,Michigan,26109
1285,Michigan,26111
1286,Michigan,26113
1287,Michigan,26115
1288,Michigan,26117
1289,Michigan,26119
1290,Michigan,26121
1291,Michigan,26123
1292,Michigan,26125
1293,Michigan,26127
1294,Michigan,26129
1295,Michigan,26131
1296,Michigan,26133
1297,Michigan,26135
1298,Michigan,26137
1299,Michigan,26139
1300,Michigan,26141
1301,Michigan,26143
1302,Michigan,26145
1303,Michigan,26147
1304,Michigan,26149
1305,Michigan,26151
1306,Michigan,26153
1307,Michigan,26155
1308,Michigan,26157
1309,Michigan,26159
1310,Michigan,26161
1311,Michigan,26163
1312,Michigan,26165
1313,Minnesota,27001
1314,Minnesota,27003
1315,Minnesota,27005
1316,Minnesota,27007
1317,Minnesota,27009
1318,Minnesota,27011
1319,Minnesota,27013
1320,Minnesota,27015
1321,Minnesota,27017
1322,Minnesota,27019
1323,Minnesota,27021
1324,Minnesota,27023
1325,Minnesota,27025
1326,Minnesota,27027
1327,Minnesota,27029
1328,Minnesota,27031
1329,Minnesota,27033
1330,Minnesota,27035
1331,Minnesota,27037
1332,Minnesota,27039
1333,Minnesota,27041
1334,Minnesota,27043
1335,Minnesota,27045
1336,Minnesota,27047
1337,Minnesota,27049
1338,Minnesota,27051
1339,Minnesota,27053
1340,Minnesota,27055
1341,Minnesota,27057
1342,Minnesota,27059
1343,Minnesota,27061
1344,Minnesota,27063
1345,Minnesota,27065
1346,Minnesota,27067
1347,Minnesota,27069
1348,Minnesota,27071
1349,Minnesota,27073
1350,Minnesota,27075
1351,Minnesota,27077
1352,Minnesota,27079
1353,Minnesota,27081
1354,Minnesota,27083
1355,Minnesota,27085
1356,Minnesota,27087
1357,Minnesota,27089
1358,Minnesota,27091
1359,Minnesota,27093
1360,Minnesota,27095
1361,Minnesota,27097
1362,Minnesota,27099
1363,Minnesota,27101
1364,Minnesota,27103
1365,Minnesota,27105
1366,Minnesota,27107
1367,Minnesota,27109
1368,Minnesota,27111
1369,Minnesota,27113
1370,Minnesota,27115
1371,Minnesota,27117
1372,Minnesota,27119
1373,Minnesota,27121
1374,Minnesota,27123
1375,Minnesota,27125
1376,Minnesota,27127
1377,Minnesota,27129
1378,Minnesota,27131
1379,Minnesota,27133
1380,Minnesota,27135
1381,Minnesota,27137
1382,Minnesota,27139
1383,Minnesota,27141
1384,Minnesota,27143
1385,Minnesota,27145
1386,Minnesota,27147
1387,Minnesota,27149
1388,Minnesota,27151
1389,Minnesota,27153
1390,Minnesota,27155
1391,Minnesota,27157
1392,Minnesota,27159
1393,Minnesota,27161
1394,Minnesota,27163
1395,Minnesota,27165
1396,Minnesota,27167
1397,Minnesota,27169
1398,Minnesota,27171
1399,Minnesota,27173
1400,Mississippi,28001
1401,Mississippi,28003
1402,Mississippi,28005
1403,Mississippi,28007
1404,Mississippi,28009
1405,Mississippi,28011
1406,Mississippi,28013
1407,Mississippi,28015
1408,Mississippi,28017
1409,Mississippi,28019
1410,Mississippi,28021
1411,Mississippi,28023
1412,Mississippi,28025
1413,Mississippi,28027
1414,Mississippi,28029
1415,Mississippi,28031
1416,Mississippi,28033
1417,Mississippi,28035
1418,Mississippi,28037
1419,Mississippi,28039
1420,Mississippi,28041
1421,Mississippi,28043
1422,Mississippi,28045
1423,Mississippi,28047
1424,Mississippi,28049
1425,Mississippi,28051
1426,Mississippi,28053
1427,Mississippi,28055
1428,Mississippi,28057
1429,Mississippi,28059
1430,Mississippi,28061
1431,Mississippi,28063
1432,Mississippi,28065
1433,Mississippi,28067
1434,Mississippi,28069
1435,Mississippi,28071
1436,Mississippi,28073
1437,Mississippi,28075
1438,Mississippi,28077
1439,Mississippi,28079
1440,Mississippi,28081
1441,Mississippi,28083
1442,Mississippi,28085
1443,Mississippi,28087
1444,Mississippi,28089
1445,Mississippi,28091
1446,Mississippi,28093
1447,Mississippi,28095
1448,Mississippi,28097
1449,Mississippi,28099
1450,Mississippi,28101
1451,Mississippi,28103
1452,Mississippi,28105
1453,Mississippi,28107
1454,Mississippi,28109
1455,Mississippi,28111
1456,Mississippi,28113
1457,Mississippi,28115
1458,Mississippi,28117
1459,Mississippi,28119
1460,Mississippi,28121
1461,Mississippi,28123
1462,Mississippi,28125
1463,Mississippi,28127
1464,Mississippi,28129
1465,Mississippi,28131
1466,Mississippi,28133
1467,Mississippi,28135
1468,Mississippi,28137
1469,Mississippi,28139
1470,Mississippi,28141
1471,Mississippi,28143
1472,Mississippi,28145
1473,Mississippi,28147
1474,Mississippi,28149
1475,Mississippi,28151
1476,Mississippi,28153
1477,Mississippi,28155
1478,Mississippi,28157
1479,Mississippi,28159
1480,Mississippi,28161
1481,Mississippi,28163
1482,Missouri,29001
1483,Missouri,29003
1484,Missouri,29005
1485,Missouri,29007
1486,Missouri,29009
1487,Missouri,29011
1488,Missouri,29013
1489,Missouri,29015
1490,Missouri,29017
1491,Missouri,29019
1492,Missouri,29021
1493,Missouri,29023
1494,Missouri,29025
1495,Missouri,29027
1496,Missouri,29029
1497,Missouri,29031
1498,Missouri,29033
1499,Missouri,29035
1500,Missouri,29037
1501,Missouri,29039
1502,Missouri,29041
1503,Missouri,29043
1504,Missouri,29045
1505,Missouri,29047
1506,Missouri,29049
1507,Missouri,29051
1508,Missouri,29053
1509,Missouri,29055
1510,Missouri,29057
1511,Missouri,29059
1512,Missouri,29061
1513,Missouri,29063
1514,Missouri,29065
1515,Missouri,29067
1516,Missouri,29069
1517,Missouri,29071
1518,Missouri,29073
1519,Missouri,29075
1520,Missouri,29077
1521,Missouri,29079
1522,Missouri,29081
1523,Missouri,29083
1524,Missouri,29085
1525,Missouri,29087
1526,Missouri,29089
1527,Missouri,29091
1528,Missouri,29093
1529,Missouri,29095
1530,Missouri,29097
1531,Missouri,29099
1532,Missouri,29101
1533,Missouri,29103
1534,Missouri,29105
1535,Missouri,29107
1536,Missouri,29109
1537,Missouri,29111
1538,Missouri,29113
1539,Missouri,29115
1540,Missouri,29117
1541,Missouri,29119
1542,Missouri,29121
1543,Missouri,29123
1544,Missouri,29125
1545,Missouri,29127
1546,Missouri,29129
1547,Missouri,29131
1548,Missouri,29133
1549,Missouri,29135
1550,Missouri,29137
1551,Missouri,29139
1552,Missouri,29141
1553,Missouri,29143
1554,Missouri,29145
1555,Missouri,29147
1556,Missouri,29149
1557,Missouri,29151
1558,Missouri,29153
1559,Missouri,29155
1560,Missouri,29157
1561,Missouri,29159
1562,Missouri,29161
1563,Missouri,29163
1564,Missouri,29165
1565,Missouri,29167
1566,Missouri,29169
1567,Missouri,29171
1568,Missouri,29173
1569,Missouri,29175
1570,Missouri,29177
1571,Missouri,29179
1572,Missouri,29181
1573,Missouri,29183
1574,Missouri,29185
1575,Missouri,29186
1576,Missouri,29187
1577,Missouri,29189
1578,Missouri,29195
1579,Missouri,29197
1580,Missouri,29199
1581,Missouri,29201
1582,Missouri,29203
1583,Missouri,29205
1584,Missouri,29207
1585,Missouri,29209
1586,Missouri,29211
1587,Missouri,29213
1588,Missouri,29215
1589,Missouri,29217
1590,Missouri,29219
1591,Missouri,29221
1592,Missouri,29223
1593,Missouri,29225
1594,Missouri,29227
1595,Missouri,29229
1596,Missouri,29510
1597,Montana,30001
1598,Montana,30003
1599,Montana,30005
1600,Montana,30007
1601,Montana,30009
1602,Montana,30011
1603,Montana,30013
1604,Montana,30015
1605,Montana,30017
1606,Montana,30019
1607,Montana,30021
1608,Montana,30023
1609,Montana,30025
1610,Montana,30027
1611,Montana,30029
1612,Montana,30031
1613,Montana,30033
1614,Montana,30035
1615,Montana,30037
1616,Montana,30039
1617,Montana,30041
1618,Montana,30043
1619,Montana,30045
1620,Montana,30047
1621,Montana,30049
1622,Montana,30051
1623,Montana,30053
1624,Montana,30055
1625,Montana,30057
1626,Montana,30059
1627,Montana,30061
1628,Montana,30063
1629,Montana,30065
1630,Montana,30067
1631,Montana,30069
1632,Montana,30071
1633,Montana,30073
1634,Montana,30075
1635,Montana,30077
1636,Montana,30079
1637,Montana,30081
1638,Montana,30083
1639,Montana,30085
1640,Montana,30087
1641,Montana,30089
1642,Montana,30091
1643,Montana,30093
1644,Montana,30095
1645,Montana,30097
1646,Montana,30099
1647,Montana,30101
1648,Montana,30103
1649,Montana,30105
1650,Montana,30107
1651,Montana,30109
1652,Montana,30111
1653,Nebraska,31001
1654,Nebraska,31003
1655,Nebraska,31005
1656,Nebraska,31007
1657,Nebraska,31009
1658,Nebraska,31011
1659,Nebraska,31013
1660,Nebraska,31015
1661,Nebraska,31017
1662,Nebraska,31019
1663,Nebraska,31021
1664,Nebraska,31023
1665,Nebraska,31025
1666,Nebraska,31027
1667,Nebraska,31029
1668,Nebraska,31031
1669,Nebraska,31033
1670,Nebraska,31035
1671,Nebraska,31037
1672,Nebraska,31039
1673,Nebraska,31041
1674,Nebraska,31043
1675,Nebraska,31045
1676,Nebraska,31047
1677,Nebraska,31049
1678,Nebraska,31051
1679,Nebraska,31053
1680,Nebraska,31055
1681,Nebraska,31057
1682,Nebraska,31059
1683,Nebraska,31061
1684,Nebraska,31063
1685,Nebraska,31065
1686,Nebraska,31067
1687,Nebraska,31069
1688,Nebraska,31071
1689,Nebraska,31073
1690,Nebraska,31075
1691,Nebraska,31077
1692,Nebraska,31079
1693,Nebraska,31081
1694,Nebraska,31083
1695,Nebraska,31085
1696,Nebraska,31087
1697,Nebraska,31089
1698,Nebraska,31091
1699,Nebraska,31093
1700,Nebraska,31095
1701,Nebraska,31097
1702,Nebraska,31099
1703,Nebraska,31101
1704,Nebraska,31103
1705,Nebraska,31105
1706,Nebraska,31107
1707,Nebraska,31109
1708,Nebraska,31111
1709,Nebraska,31113
1710,Nebraska,31115
1711,Nebraska,31117
1712,Nebraska,31119
1713,Nebraska,31121
1714,Nebraska,31123
1715,Nebraska,31125
1716,Nebraska,31127
1717,Nebraska,31129
1718,Nebraska,31131
1719,Nebraska,31133
1720,Nebraska,31135
1721,Nebraska,31137
1722,Nebraska,31139
1723,Nebraska,31141
1724,Nebraska,31143
1725,Nebraska,31145
1726,Nebraska,31147
1727,Nebraska,31149
1728,Nebraska,31151
1729,Nebraska,31153
1730,Nebraska,31155
1731,Nebraska,31157
1732,Nebraska,31159
1733,Nebraska,31161
1734,Nebraska,31163
1735,Nebraska,31165
1736,Nebraska,31167
1737,Nebraska,31169
1738,Nebraska,31171
1739,Nebraska,31173
1740,Nebraska,31175
1741,Nebraska,31177
1742,Nebraska,31179
1743,Nebraska,31181
1744,Nebraska,31183
1745,Nebraska,31185
1746,Nevada,32001
1747,Nevada,32003
1748,Nevada,32005
1749,Nevada,32007
1750,Nevada,32009
1751,Nevada,32011
1752,Nevada,32013
1753,Nevada,32015
1754,Nevada,32017
1755,Nevada,32019
1756,Nevada,32021
1757,Nevada,32023
1758,Nevada,32027
1759,Nevada,32029
1760,Nevada,32031
1761,Nevada,32033
1762,Nevada,32510
1763,New Hampshire,33001
1764,New Hampshire,33003
1765,New Hampshire,33005
1766,New Hampshire,33007
1767,New Hampshire,33009
1768,New Hampshire,33011
1769,New Hampshire,33013
1770,New Hampshire,33015
1771,New Hampshire,33017
1772,New Hampshire,33019
1773,New Jersey,34001
1774,New Jersey,34003
1775,New Jersey,34005
1776,New Jersey,34007
1777,New Jersey,34009
1778,New Jersey,34011
1779,New Jersey,34013
1780,New Jersey,34015
1781,New Jersey,34017
1782,New Jersey,34019
1783,New Jersey,34021
1784,New Jersey,34023
1785,New Jersey,34025
1786,New Jersey,34027
1787,New Jersey,34029
1788,New Jersey,34031
1789,New Jersey,34033
1790,New Jersey,34035
1791,New Jersey,34037
1792,New Jersey,34039
1793,New Jersey,34041
1794,New Mexico,35001
1795,New Mexico,35003
1796,New Mexico,35005
1797,New Mexico,35006
1798,New Mexico,35007
1799,New Mexico,35009
1800,New Mexico,35011
1801,New Mexico,35013
1802,New Mexico,35015
1803,New Mexico,35017
1804,New Mexico,35019
1805,New Mexico,35021
1806,New Mexico,35023
1807,New Mexico,35025
1808,New Mexico,35027
1809,New Mexico,35028
1810,New Mexico,35029
1811,New Mexico,35031
1812,New Mexico,35033
1813,New Mexico,35035
1814,New Mexico,35037
1815,New Mexico,35039
1816,New Mexico,35041
1817,New Mexico,35043
1818,New Mexico,35045
1819,New Mexico,35047
1820,New Mexico,35049
1821,New Mexico,35051
1822,New Mexico,35053
1823,New Mexico,35055
1824,New Mexico,35057
1825,New Mexico,35059
1826,New Mexico,35061
1827,New York,36001
1828,New York,36003
1829,New York,36005
1830,New York,36007
1831,New York,36009
1832,New York,36011
1833,New York,36013
1834,New York,36015
1835,New York,36017
1836,New York,36019
1837,New York,36021
1838,New York,36023
1839,New York,36025
1840,New York,36027
1841,New York,36029
1842,New York,36031
1843,New York,36033
1844,New York,36035
1845,New York,36037
1846,New York,36039
1847,New York,36041
1848,New York,36043
1849,New York,36045
1850,New York,36047
1851,New York,36049
1852,New York,36051
1853,New York,36053
1854,New York,36055
1855,New York,36057
1856,New York,36059
1857,New York,36061
1858,New York,36063
1859,New York,36065
1860,New York,36067
1861,New York,36069
1862,New York,36071
1863,New York,36073
1864,New York,36075
1865,New York,36077
1866,New York,36079
1867,New York,36081
1868,New York,36083
1869,New York,36085
1870,New York,36087
1871,New York,36089
1872,New York,36091
1873,New York,36093
1874,New York,36095
1875,New York,36097
1876,New York,36099
1877,New York,36101
1878,New York,36103
1879,New York,36105
1880,New York,36107
1881,New York,36109
1882,New York,36111
1883,New York,36113
1884,New York,36115
1885,New York,36117
1886,New York,36119
1887,New York,36121
1888,New York,36123
1889,North Carolina,37001
1890,North Carolina,37003
1891,North Carolina,37005
1892,North Carolina,37007
1893,North Carolina,37009
1894,North Carolina,37011
1895,North Carolina,37013
1896,North Carolina,37015
1897,North Carolina,37017
1898,North Carolina,37019
1899,North Carolina,37021
1900,North Carolina,37023
1901,North Carolina,37025
1902,North Carolina,37027
1903,North Carolina,37029
1904,North Carolina,37031
1905,North Carolina,37033
1906,North Carolina,37035
1907,North Carolina,37037
1908,North Carolina,37039
1909,North Carolina,37041
1910,North Carolina,37043
1911,North Carolina,37045
1912,North Carolina,37047
1913,North Carolina,37049
1914,North Carolina,37051
1915,North Carolina,37053
1916,North Carolina,37055
1917,North Carolina,37057
1918,North Carolina,37059
1919,North Carolina,37061
1920,North Carolina,37063
1921,North Carolina,37065
1922,North Carolina,37067
1923,North Carolina,37069
1924,North Carolina,37071
1925,North Carolina,37073
1926,North Carolina,37075
1927,North Carolina,37077
1928,North Carolina,37079
1929,North Carolina,37081
1930,North Carolina,37083
1931,North Carolina,37085
1932,North Carolina,37087
1933,North Carolina,37089
1934,North Carolina,37091
1935,North Carolina,37093
1936,North Carolina,37095
1937,North Carolina,37097
1938,North Carolina,37099
1939,North Carolina,37101
1940,North Carolina,37103
1941,North Carolina,37105
1942,North Carolina,37107
1943,North Carolina,37109
1944,North Carolina,37111
1945,North Carolina,37113
1946,North Carolina,37115
1947,North Carolina,37117
1948,North Carolina,37119
1949,North Carolina,37121
1950,North Carolina,37123
1951,North Carolina,37125
1952,North Carolina,37127
1953,North Carolina,37129
1954,North Carolina,37131
1955,North Carolina,37133
1956,North Carolina,37135
1957,North Carolina,37137
1958,North Carolina,37139
1959,North Carolina,37141
1960,North Carolina,37143
1961,North Carolina,37145
1962,North Carolina,37147
1963,North Carolina,37149
1964,North Carolina,37151
1965,North Carolina,37153
1966,North Carolina,37155
1967,North Carolina,37157
1968,North Carolina,37159
1969,North Carolina,37161
1970,North Carolina,37163
1971,North Carolina,37165
1972,North Carolina,37167
1973,North Carolina,37169
1974,North Carolina,37171
1975,North Carolina,37173
1976,North Carolina,37175
1977,North Carolina,37177
1978,North Carolina,37179
1979,North Carolina,37181
1980,North Carolina,37183
1981,North Carolina,37185
1982,North Carolina,37187
1983,North Carolina,37189
1984,North Carolina,37191
1985,North Carolina,37193
1986,North Carolina,37195
1987,North Carolina,37197
1988,North Carolina,37199
1989,North Dakota,38001
1990,North Dakota,38003
1991,North Dakota,38005
1992,North Dakota,38007
1993,North Dakota,38009
1994,North Dakota,38011
1995,North Dakota,38013
1996,North Dakota,38015
1997,North Dakota,38017
1998,North Dakota,38019
1999,North Dakota,38021
2000,North Dakota,38023
2001,North Dakota,38025
2002,North Dakota,38027
2003,North Dakota,38029
2004,North Dakota,38031
2005,North Dakota,38033
2006,North Dakota,38035
2007,North Dakota,38037
2008,North Dakota,38039
2009,North Dakota,38041
2010,North Dakota,38043
2011,North Dakota,38045
2012,North Dakota,38047
2013,North Dakota,38049
2014,North Dakota,38051
2015,North Dakota,38053
2016,North Dakota,38055
2017,North Dakota,38057
2018,North Dakota,38059
2019,North Dakota,38061
2020,North Dakota,38063
2021,North Dakota,38065
2022,North Dakota,38067
2023,North Dakota,38069
2024,North Dakota,38071
2025,North Dakota,38073
2026,North Dakota,38075
2027,North Dakota,38077
2028,North Dakota,38079
2029,North Dakota,38081
2030,North Dakota,38083
2031,North Dakota,38085
2032,North Dakota,38087
2033,North Dakota,38089
2034,North Dakota,38091
2035,North Dakota,38093
2036,North Dakota,38095
2037,North Dakota,38097
2038,North Dakota,38099
2039,North Dakota,38101
2040,North Dakota,38103
2041,North Dakota,38105
2042,Ohio,39001
2043,Ohio,39003
2044,Ohio,39005
2045,Ohio,39007
2046,Ohio,39009
2047,Ohio,39011
2048,Ohio,39013
2049,Ohio,39015
2050,Ohio,39017
2051,Ohio,39019
2052,Ohio,39021
2053,Ohio,39023
2054,Ohio,39025
2055,Ohio,39027
2056,Ohio,39029
2057,Ohio,39031
2058,Ohio,39033
2059,Ohio,39035
2060,Ohio,39037
2061,Ohio,39039
2062,Ohio,39041
2063,Ohio,39043
2064,Ohio,39045
2065,Ohio,39047
2066,Ohio,39049
2067,Ohio,39051
2068,Ohio,39053
2069,Ohio,39055
2070,Ohio,39057
2071,Ohio,39059
2072,Ohio,39061
2073,Ohio,39063
2074,Ohio,39065
2075,Ohio,39067
2076,Ohio,39069
2077,Ohio,39071
2078,Ohio,39073
2079,Ohio,39075
2080,Ohio,39077
2081,Ohio,39079
2082,Ohio,39081
2083,Ohio,39083
2084,Ohio,39085
2085,Ohio,39087
2086,Ohio,39089
2087,Ohio,39091
2088,Ohio,39093
2089,Ohio,39095
2090,Ohio,39097
2091,Ohio,39099
2092,Ohio,39101
2093,Ohio,39103
2094,Ohio,39105
2095,Ohio,39107
2096,Ohio,39109
2097,Ohio,39111
2098,Ohio,39113
2099,Ohio,39115
2100,Ohio,39117
2101,Ohio,39119
2102,Ohio,39121
2103,Ohio,39123
2104,Ohio,39125
2105,Ohio,39127
2106,Ohio,39129
2107,Ohio,39131
2108,Ohio,39133
2109,Ohio,39135
2110,Ohio,39137
2111,Ohio,39139
2112,Ohio,39141
2113,Ohio,39143
2114,Ohio,39145
2115,Ohio,39147
2116,Ohio,39149
2117,Ohio,39151
2118,Ohio,39153
2119,Ohio,39155
2120,Ohio,39157
2121,Ohio,39159
2122,Ohio,39161
2123,Ohio,39163
2124,Ohio,39165
2125,Ohio,39167
2126,Ohio,39169
2127,Ohio,39171
2128,Ohio,39173
2129,Ohio,39175
2130,Oklahoma,40001
2131,Oklahoma,40003
2132,Oklahoma,40005
2133,Oklahoma,40007
2134,Oklahoma,40009
2135,Oklahoma,40011
2136,Oklahoma,40013
2137,Oklahoma,40015
2138,Oklahoma,40017
2139,Oklahoma,40019
2140,Oklahoma,40021
2141,Oklahoma,40023
2142,Oklahoma,40025
2143,Oklahoma,40027
2144,Oklahoma,40029
2145,Oklahoma,40031
2146,Oklahoma,40033
2147,Oklahoma,40035
2148,Oklahoma,40037
2149,Oklahoma,40039
2150,Oklahoma,40041
2151,Oklahoma,40043
2152,Oklahoma,40045
2153,Oklahoma,40047
2154,Oklahoma,40049
2155,Oklahoma,40051
2156,Oklahoma,40053
2157,Oklahoma,40055
2158,Oklahoma,40057
2159,Oklahoma,40059
2160,Oklahoma,40061
2161,Oklahoma,40063
2162,Oklahoma,40065
2163,Oklahoma,40067
2164,Oklahoma,40069
2165,Oklahoma,40071
2166,Oklahoma,40073
2167,Oklahoma,40075
2168,Oklahoma,40077
2169,Oklahoma,40079
2170,Oklahoma,40081
2171,Oklahoma,40083
2172,Oklahoma,40085
2173,Oklahoma,40087
2174,Oklahoma,40089
2175,Oklahoma,40091
2176,Oklahoma,40093
2177,Oklahoma,40095
2178,Oklahoma,40097
2179,Oklahoma,40099
2180,Oklahoma,40101
2181,Oklahoma,40103
2182,Oklahoma,40105
2183,Oklahoma,40107
2184,Oklahoma,40109
2185,Oklahoma,40111
2186,Oklahoma,40113
2187,Oklahoma,40115
2188,Oklahoma,40117
2189,Oklahoma,40119
2190,Oklahoma,40121
2191,Oklahoma,40123
2192,Oklahoma,40125
2193,Oklahoma,40127
2194,Oklahoma,40129
2195,Oklahoma,40131
2196,Oklahoma,40133
2197,Oklahoma,40135
2198,Oklahoma,40137
2199,Oklahoma,40139
2200,Oklahoma,40141
2201,Oklahoma,40143
2202,Oklahoma,40145
2203,Oklahoma,40147
2204,Oklahoma,40149
2205,Oklahoma,40151
2206,Oklahoma,40153
2207,Oregon,41001
2208,Oregon,41003
2209,Oregon,41005
2210,Oregon,41007
2211,Oregon,41009
2212,Oregon,41011
2213,Oregon,41013
2214,Oregon,41015
2215,Oregon,41017
2216,Oregon,41019
2217,Oregon,41021
2218,Oregon,41023
2219,Oregon,41025
2220,Oregon,41027
2221,Oregon,41029
2222,Oregon,41031
2223,Oregon,41033
2224,Oregon,41035
2225,Oregon,41037
2226,Oregon,41039
2227,Oregon,41041
2228,Oregon,41043
2229,Oregon,41045
2230,Oregon,41047
2231,Oregon,41049
2232,Oregon,41051
2233,Oregon,41053
2234,Oregon,41055
2235,Oregon,41057
2236,Oregon,41059
2237,Oregon,41061
2238,Oregon,41063
2239,Oregon,41065
2240,Oregon,41067
2241,Oregon,41069
2242,Oregon,41071
2243,Pennsylvania,42001
2244,Pennsylvania,42003
2245,Pennsylvania,42005
2246,Pennsylvania,42007
2247,Pennsylvania,42009
2248,Pennsylvania,42011
2249,Pennsylvania,42013
2250,Pennsylvania,42015
2251,Pennsylvania,42017
2252,Pennsylvania,42019
2253,Pennsylvania,42021
2254,Pennsylvania,42023
2255,Pennsylvania,42025
2256,Pennsylvania,42027
2257,Pennsylvania,42029
2258,Pennsylvania,42031
2259,Pennsylvania,42033
2260,Pennsylvania,42035
2261,Pennsylvania,42037
2262,Pennsylvania,42039
2263,Pennsylvania,42041
2264,Pennsylvania,42043
2265,Pennsylvania,42045
2266,Pennsylvania,42047
2267,Pennsylvania,42049
2268,Pennsylvania,42051
2269,Pennsylvania,42053
2270,Pennsylvania,42055
2271,Pennsylvania,42057
2272,Pennsylvania,42059
2273,Pennsylvania,42061
2274,Pennsylvania,42063
2275,Pennsylvania,42065
2276,Pennsylvania,42067
2277,Pennsylvania,42069
2278,Pennsylvania,42071
2279,Pennsylvania,42073
2280,Pennsylvania,42075
2281,Pennsylvania,42077
2282,Pennsylvania,42079
2283,Pennsylvania,42081
2284,Pennsylvania,42083
2285,Pennsylvania,42085
2286,Pennsylvania,42087
2287,Pennsylvania,42089
2288,Pennsylvania,42091
2289,Pennsylvania,42093
2290,Pennsylvania,42095
2291,Pennsylvania,42097
2292,Pennsylvania,42099
2293,Pennsylvania,42101
2294,Pennsylvania,42103
2295,Pennsylvania,42105
2296,Pennsylvania,42107
2297,Pennsylvania,42109
2298,Pennsylvania,42111
2299,Pennsylvania,42113
2300,Pennsylvania,42115
2301,Pennsylvania,42117
2302,Pennsylvania,42119
2303,Pennsylvania,42121
2304,Pennsylvania,42123
2305,Pennsylvania,42125
2306,Pennsylvania,42127
2307,Pennsylvania,42129
2308,Pennsylvania,42131
2309,Pennsylvania,42133
2310,Rhode Island,44001
2311,Rhode Island,44003
2312,Rhode Island,44005
2313,Rhode Island,44007
2314,Rhode Island,44009
2315,South Carolina,45001
2316,South Carolina,45003
2317,South Carolina,45005
2318,South Carolina,45007
2319,South Carolina,45009
2320,South Carolina,45011
2321,South Carolina,45013
2322,South Carolina,45015
2323,South Carolina,45017
2324,South Carolina,45019
2325,South Carolina,45021
2326,South Carolina,45023
2327,South Carolina,45025
2328,South Carolina,45027
2329,South Carolina,45029
2330,South Carolina,45031
2331,South Carolina,45033
2332,South Carolina,45035
2333,South Carolina,45037
2334,South Carolina,45039
2335,South Carolina,45041
2336,South Carolina,45043
2337,South Carolina,45045
2338,South Carolina,45047
2339,South Carolina,45049
2340,South Carolina,45051
2341,South Carolina,45053
2342,South Carolina,45055
2343,South Carolina,45057
2344,South Carolina,45059
2345,South Carolina,45061
2346,South Carolina,45063
2347,South Carolina,45065
2348,South Carolina,45067
2349,South Carolina,45069
2350,South Carolina,45071
2351,South Carolina,45073
2352,South Carolina,45075
2353,South Carolina,45077
2354,South Carolina,45079
2355,South Carolina,45081
2356,South Carolina,45083
2357,South Carolina,45085
2358,South Carolina,45087
2359,South Carolina,45089
2360,South Carolina,45091
2361,South Dakota,46003
2362,South Dakota,46005
2363,South Dakota,46007
2364,South Dakota,46009
2365,South Dakota,46011
2366,South Dakota,46013
2367,South Dakota,46015
2368,South Dakota,46017
2369,South Dakota,46019
2370,South Dakota,46021
2371,South Dakota,46023
2372,South Dakota,46025
2373,South Dakota,46027
2374,South Dakota,46029
2375,South Dakota,46031
2376,South Dakota,46033
2377,South Dakota,46035
2378,South Dakota,46037
2379,South Dakota,46039
2380,South Dakota,46041
2381,South Dakota,46043
2382,South Dakota,46045
2383,South Dakota,46047
2384,South Dakota,46049
2385,South Dakota,46051
2386,South Dakota,46053
2387,South Dakota,46055
2388,South Dakota,46057
2389,South Dakota,46059
2390,South Dakota,46061
2391,South Dakota,46063
2392,South Dakota,46065
2393,South Dakota,46067
2394,South Dakota,46069
2395,South Dakota,46071
2396,South Dakota,46073
2397,South Dakota,46075
2398,South Dakota,46077
2399,South Dakota,46079
2400,South Dakota,46081
2401,South Dakota,46083
2402,South Dakota,46085
2403,South Dakota,46087
2404,South Dakota,46089
2405,South Dakota,46091
2406,South Dakota,46093
2407,South Dakota,46095
2408,South Dakota,46097
2409,South Dakota,46099
2410,South Dakota,46101
2411,South Dakota,46102
2412,South Dakota,46103
2413,South Dakota,46105
2414,South Dakota,46107
2415,South Dakota,46109
2416,South Dakota,46111
2417,South Dakota,46115
2418,South Dakota,46117
2419,South Dakota,46119
2420,South Dakota,46121
2421,South Dakota,46123
2422,South Dakota,46125
2423,South Dakota,46127
2424,South Dakota,46129
2425,South Dakota,46135
2426,South Dakota,46137
2427,Tennessee,47001
2428,Tennessee,47003
2429,Tennessee,47005
2430,Tennessee,47007
2431,Tennessee,47009
2432,Tennessee,47011
2433,Tennessee,47013
2434,Tennessee,47015
2435,Tennessee,47017
2436,Tennessee,47019
2437,Tennessee,47021
2438,Tennessee,47023
2439,Tennessee,47025
2440,Tennessee,47027
2441,Tennessee,47029
2442,Tennessee,47031
2443,Tennessee,47033
2444,Tennessee,47035
2445,Tennessee,47037
2446,Tennessee,47039
2447,Tennessee,47041
2448,Tennessee,47043
2449,Tennessee,47045
2450,Tennessee,47047
2451,Tennessee,47049
2452,Tennessee,47051
2453,Tennessee,47053
2454,Tennessee,47055
2455,Tennessee,47057
2456,Tennessee,47059
2457,Tennessee,47061
2458,Tennessee,47063
2459,Tennessee,47065
2460,Tennessee,47067
2461,Tennessee,47069
2462,Tennessee,47071
2463,Tennessee,47073
2464,Tennessee,47075
2465,Tennessee,47077
2466,Tennessee,47079
2467,Tennessee,47081
2468,Tennessee,47083
2469,Tennessee,47085
2470,Tennessee,47087
2471,Tennessee,47089
2472,Tennessee,47091
2473,Tennessee,47093
2474,Tennessee,47095
2475,Tennessee,47097
2476,Tennessee,47099
2477,Tennessee,47101
2478,Tennessee,47103
2479,Tennessee,47105
2480,Tennessee,47107
2481,Tennessee,47109
2482,Tennessee,47111
2483,Tennessee,47113
2484,Tennessee,47115
2485,Tennessee,47117
2486,Tennessee,47119
2487,Tennessee,47121
2488,Tennessee,47123
2489,Tennessee,47125
2490,Tennessee,47127
2491,Tennessee,47129
2492,Tennessee,47131
2493,Tennessee,47133
2494,Tennessee,47135
2495,Tennessee,47137
2496,Tennessee,47139
2497,Tennessee,47141
2498,Tennessee,47143
2499,Tennessee,47145
2500,Tennessee,47147
2501,Tennessee,47149
2502,Tennessee,47151
2503,Tennessee,47153
2504,Tennessee,47155
2505,Tennessee,47157
2506,Tennessee,47159
2507,Tennessee,47161
2508,Tennessee,47163
2509,Tennessee,47165
2510,Tennessee,47167
2511,Tennessee,47169
2512,Tennessee,47171
2513,Tennessee,47173
2514,Tennessee,47175
2515,Tennessee,47177
2516,Tennessee,47179
2517,Tennessee,47181
2518,Tennessee,47183
2519,Tennessee,47185
2520,Tennessee,47187
2521,Tennessee,47189
2522,Texas,48001
2523,Texas,48003
2524,Texas,48005
2525,Texas,48007
2526,Texas,48009
2527,Texas,48011
2528,Texas,48013
2529,Texas,48015
2530,Texas,48017
2531,Texas,48019
2532,Texas,48021
2533,Texas,48023
2534,Texas,48025
2535,Texas,48027
2536,Texas,48029
2537,Texas,48031
2538,Texas,48033
2539,Texas,48035
2540,Texas,48037
2541,Texas,48039
2542,Texas,48041
2543,Texas,48043
2544,Texas,48045
2545,Texas,48047
2546,Texas,48049
2547,Texas,48051
2548,Texas,48053
2549,Texas,48055
2550,Texas,48057
2551,Texas,48059
2552,Texas,48061
2553,Texas,48063
2554,Texas,48065
2555,Texas,48067
2556,Texas,48069
2557,Texas,48071
2558,Texas,48073
2559,Texas,48075
2560,Texas,48077
2561,Texas,48079
2562,Texas,48081
2563,Texas,48083
2564,Texas,48085
2565,Texas,48087
2566,Texas,48089
2567,Texas,48091
2568,Texas,48093
2569,Texas,48095
2570,Texas,48097
2571,Texas,48099
2572,Texas,48101
2573,Texas,48103
2574,Texas,48105
2575,Texas,48107
2576,Texas,48109
2577,Texas,48111
2578,Texas,48113
2579,Texas,48115
2580,Texas,48117
2581,Texas,48119
2582,Texas,48121
2583,Texas,48123
2584,Texas,48125
2585,Texas,48127
2586,Texas,48129
2587,Texas,48131
2588,Texas,48133
2589,Texas,48135
2590,Texas,48137
2591,Texas,48139
2592,Texas,48141
2593,Texas,48143
2594,Texas,48145
2595,Texas,48147
2596,Texas,48149
2597,Texas,48151
2598,Texas,48153
2599,Texas,48155
2600,Texas,48157
2601,Texas,48159
2602,Texas,48161
2603,Texas,48163
2604,Texas,48165
2605,Texas,48167
2606,Texas,48169
2607,Texas,48171
2608,Texas,48173
2609,Texas,48175
2610,Texas,48177
2611,Texas,48179
2612,Texas,48181
2613,Texas,48183
2614,Texas,48185
2615,Texas,48187
2616,Texas,48189
2617,Texas,48191
2618,Texas,48193
2619,Texas,48195
2620,Texas,48197
2621,Texas,48199
2622,Texas,48201
2623,Texas,48203
2624,Texas,48205
2625,Texas,48207
2626,Texas,48209
2627,Texas,48211
2628,Texas,48213
2629,Texas,48215
2630,Texas,48217
2631,Texas,48219
2632,Texas,48221
2633,Texas,48223
2634,Texas,48225
2635,Texas,48227
2636,Texas,48229
2637,Texas,48231
2638,Texas,48233
2639,Texas,48235
2640,Texas,48237
2641,Texas,48239
2642,Texas,48241
2643,Texas,48243
2644,Texas,48245
2645,Texas,48247
2646,Texas,48249
2647,Texas,48251
2648,Texas,48253
2649,Texas,48255
2650,Texas,48257
2651,Texas,48259
2652,Texas,48261
2653,Texas,48263
2654,Texas,48265
2655,Texas,48267
2656,Texas,48269
2657,Texas,48271
2658,Texas,48273
2659,Texas,48275
2660,Texas,48277
2661,Texas,48279
2662,Texas,48281
2663,Texas,48283
2664,Texas,48285
2665,Texas,48287
2666,Texas,48289
2667,Texas,48291
2668,Texas,48293
2669,Texas,48295
2670,Texas,48297
2671,Texas,48299
2672,Texas,48301
2673,Texas,48303
2674,Texas,48305
2675,Texas,48307
2676,Texas,48309
2677,Texas,48311
2678,Texas,48313
2679,Texas,48315
2680,Texas,48317
2681,Texas,48319
2682,Texas,48321
2683,Texas,48323
2684,Texas,48325
2685,Texas,48327
2686,Texas,48329
2687,Texas,48331
2688,Texas,48333
2689,Texas,48335
2690,Texas,48337
2691,Texas,48339
2692,Texas,48341
2693,Texas,48343
2694,Texas,48345
2695,Texas,48347
2696,Texas,48349
2697,Texas,48351
2698,Texas,48353
2699,Texas,48355
2700,Texas,48357
2701,Texas,48359
2702,Texas,48361
2703,Texas,48363
2704,Texas,48365
2705,Texas,48367
2706,Texas,48369
2707,Texas,48371
2708,Texas,48373
2709,Texas,48375
2710,Texas,48377
2711,Texas,48379
2712,Texas,48381
2713,Texas,48383
2714,Texas,48385
2715,Texas,48387
2716,Texas,48389
2717,Texas,48391
2718,Texas,48393
2719,Texas,48395
2720,Texas,48397
2721,Texas,48399
2722,Texas,48401
2723,Texas,48403
2724,Texas,48405
2725,Texas,48407
2726,Texas,48409
2727,Texas,48411
2728,Texas,48413
2729,Texas,48415
2730,Texas,48417
2731,Texas,48419
2732,Texas,48421
2733,Texas,48423
2734,Texas,48425
2735,Texas,48427
2736,Texas,48429
2737,Texas,48431
2738,Texas,48433
2739,Texas,48435
2740,Texas,48437
2741,Texas,48439
2742,Texas,48441
2743,Texas,48443
2744,Texas,48445
2745,Texas,48447
2746,Texas,48449
2747,Texas,48451
2748,Texas,48453
2749,Texas,48455
2750,Texas,48457
2751,Texas,48459
2752,Texas,48461
2753,Texas,48463
2754,Texas,48465
2755,Texas,48467
2756,Texas,48469
2757,Texas,48471
2758,Texas,48473
2759,Texas,48475
2760,Texas,48477
2761,Texas,48479
2762,Texas,48481
2763,Texas,48483
2764,Texas,48485
2765,Texas,48487
2766,Texas,48489
2767,Texas,48491
2768,Texas,48493
2769,Texas,48495
2770,Texas,48497
2771,Texas,48499
2772,Texas,48501
2773,Texas,48503
2774,Texas,48505
2775,Texas,48507
2776,Utah,49001
2777,Utah,49003
2778,Utah,49005
2779,Utah,49007
2780,Utah,49009
2781,Utah,49011
2782,Utah,49013
2783,Utah,49015
2784,Utah,49017
2785,Utah,49019
2786,Utah,49021
2787,Utah,49023
2788,Utah,49025
2789,Utah,49027
2790,Utah,49029
2791,Utah,49031
2792,Utah,49033
2793,Utah,49035
2794,Utah,49037
2795,Utah,49039
2796,Utah,49041
2797,Utah,49043
2798,Utah,49045
2799,Utah,49047
2800,Utah,49049
2801,Utah,49051
2802,Utah,49053
2803,Utah,49055
2804,Utah,49057
2805,Vermont,50001
2806,Vermont,50003
2807,Vermont,50005
2808,Vermont,50007
2809,Vermont,50009
2810,Vermont,50011
2811,Vermont,50013
2812,Vermont,50015
2813,Vermont,50017
2814,Vermont,50019
2815,Vermont,50021
2816,Vermont,50023
2817,Vermont,50025
2818,Vermont,50027
2819,Virginia,51001
2820,Virginia,51003
2821,Virginia,51005
2822,Virginia,51007
2823,Virginia,51009
2824,Virginia,51011
2825,Virginia,51013
2826,Virginia,51015
2827,Virginia,51017
2828,Virginia,51019
2829,Virginia,51021
2830,Virginia,51023
2831,Virginia,51025
2832,Virginia,51027
2833,Virginia,51029
2834,Virginia,51031
2835,Virginia,51033
2836,Virginia,51035
2837,Virginia,51036
2838,Virginia,51037
2839,Virginia,51041
2840,Virginia,51043
2841,Virginia,51045
2842,Virginia,51047
2843,Virginia,51049
2844,Virginia,51051
2845,Virginia,51053
2846,Virginia,51057
2847,Virginia,51059
2848,Virginia,51061
2849,Virginia,51063
2850,Virginia,51065
2851,Virginia,51067
2852,Virginia,51069
2853,Virginia,51071
2854,Virginia,51073
2855,Virginia,51075
2856,Virginia,51077
2857,Virginia,51079
2858,Virginia,51081
2859,Virginia,51083
2860,Virginia,51085
2861,Virginia,51087
2862,Virginia,51089
2863,Virginia,51091
2864,Virginia,51093
2865,Virginia,51095
2866,Virginia,51097
2867,Virginia,51099
2868,Virginia,51101
2869,Virginia,51103
2870,Virginia,51105
2871,Virginia,51107
2872,Virginia,51109
2873,Virginia,51111
2874,Virginia,51113
2875,Virginia,51115
2876,Virginia,51117
2877,Virginia,51119
2878,Virginia,51121
2879,Virginia,51125
2880,Virginia,51127
2881,Virginia,51131
2882,Virginia,51133
2883,Virginia,51135
2884,Virginia,51137
2885,Virginia,51139
2886,Virginia,51141
2887,Virginia,51143
2888,Virginia,51145
2889,Virginia,51147
2890,Virginia,51149
2891,Virginia,51153
2892,Virginia,51155
2893,Virginia,51157
2894,Virginia,51159
2895,Virginia,51161
2896,Virginia,51163
2897,Virginia,51165
2898,Virginia,51167
2899,Virginia,51169
2900,Virginia,51171
2901,Virginia,51173
2902,Virginia,51175
2903,Virginia,51177
2904,Virginia,51179
2905,Virginia,51181
2906,Virginia,51183
2907,Virginia,51185
2908,Virginia,51187
2909,Virginia,51191
2910,Virginia,51193
2911,Virginia,51195
2912,Virginia,51197
2913,Virginia,51199
2914,Virginia,51510
2915,Virginia,51520
2916,Virginia,51530
2917,Virginia,51540
2918,Virginia,51550
2919,Virginia,51570
2920,Virginia,51580
2921,Virginia,51590
2922,Virginia,51595
2923,Virginia,51600
2924,Virginia,51610
2925,Virginia,51620
2926,Virginia,51630
2927,Virginia,51640
2928,Virginia,51650
2929,Virginia,51660
2930,Virginia,51670
2931,Virginia,51678
2932,Virginia,51680
2933,Virginia,51683
2934,Virginia,51685
2935,Virginia,51690
2936,Virginia,51700
2937,Virginia,51710
2938,Virginia,51720
2939,Virginia,51730
2940,Virginia,51735
2941,Virginia,51740
2942,Virginia,51750
2943,Virginia,51760
2944,Virginia,51770
2945,Virginia,51775
2946,Virginia,51790
2947,Virginia,51800
2948,Virginia,51810
2949,Virginia,51820
2950,Virginia,51830
2951,Virginia,51840
2952,Washington,53001
2953,Washington,53003
2954,Washington,53005
2955,Washington,53007
2956,Washington,53009
2957,Washington,53011
2958,Washington,53013
2959,Washington,53015
2960,Washington,53017
2961,Washington,53019
2962,Washington,53021
2963,Washington,53023
2964,Washington,53025
2965,Washington,53027
2966,Washington,53029
2967,Washington,53031
2968,Washington,53033
2969,Washington,53035
2970,Washington,53037
2971,Washington,53039
2972,Washington,53041
2973,Washington,53043
2974,Washington,53045
2975,Washington,53047
2976,Washington,53049
2977,Washington,53051
2978,Washington,53053
2979,Washington,53055
2980,Washington,53057
2981,Washington,53059
2982,Washington,53061
2983,Washington,53063
2984,Washington,53065
2985,Washington,53067
2986,Washington,53069
2987,Washington,53071
2988,Washington,53073
2989,Washington,53075
2990,Washington,53077
2991,West Virginia,54001
2992,West Virginia,54003
2993,West Virginia,54005
2994,West Virginia,54007
2995,West Virginia,54009
2996,West Virginia,54011
2997,West Virginia,54013
2998,West Virginia,54015
2999,West Virginia,54017
3000,West Virginia,54019
3001,West Virginia,54021
3002,West Virginia,54023
3003,West Virginia,54025
3004,West Virginia,54027
3005,West Virginia,54029
3006,West Virginia,54031
3007,West Virginia,54033
3008,West Virginia,54035
3009,West Virginia,54037
3010,West Virginia,54039
3011,West Virginia,54041
3012,West Virginia,54043
3013,West Virginia,54045
3014,West Virginia,54047
3015,West Virginia,54049
3016,West Virginia,54051
3017,West Virginia,54053
3018,West Virginia,54055
3019,West Virginia,54057
3020,West Virginia,54059
3021,West Virginia,54061
3022,West Virginia,54063
3023,West Virginia,54065
3024,West Virginia,54067
3025,West Virginia,54069
3026,West Virginia,54071
3027,West Virginia,54073
3028,West Virginia,54075
3029,West Virginia,54077
3030,West Virginia,54079
3031,West Virginia,54081
3032,West Virginia,54083
3033,West Virginia,54085
3034,West Virginia,54087
3035,West Virginia,54089
3036,West Virginia,54091
3037,West Virginia,54093
3038,West Virginia,54095
3039,West Virginia,54097
3040,West Virginia,54099
3041,West Virginia,54101
3042,West Virginia,54103
3043,West Virginia,54105
3044,West Virginia,54107
3045,West Virginia,54109
3046,Wisconsin,55001
3047,Wisconsin,55003
3048,Wisconsin,55005
3049,Wisconsin,55007
3050,Wisconsin,55009
3051,Wisconsin,55011
3052,Wisconsin,55013
3053,Wisconsin,55015
3054,Wisconsin,55017
3055,Wisconsin,55019
3056,Wisconsin,55021
3057,Wisconsin,55023
3058,Wisconsin,55025
3059,Wisconsin,55027
3060,Wisconsin,55029
3061,Wisconsin,55031
3062,Wisconsin,55033
3063,Wisconsin,55035
3064,Wisconsin,55037
3065,Wisconsin,55039
3066,Wisconsin,55041
3067,Wisconsin,55043
3068,Wisconsin,55045
3069,Wisconsin,55047
3070,Wisconsin,55049
3071,Wisconsin,55051
3072,Wisconsin,55053
3073,Wisconsin,55055
3074,Wisconsin,55057
3075,Wisconsin,55059
3076,Wisconsin,55061
3077,Wisconsin,55063
3078,Wisconsin,55065
3079,Wisconsin,55067
3080,Wisconsin,55069
3081,Wisconsin,55071
3082,Wisconsin,55073
3083,Wisconsin,55075
3084,Wisconsin,55077
3085,Wisconsin,55078
3086,Wisconsin,55079
3087,Wisconsin,55081
3088,Wisconsin,55083
3089,Wisconsin,55085
3090,Wisconsin,55087
3091,Wisconsin,55089
3092,Wisconsin,55091
3093,Wisconsin,55093
3094,Wisconsin,55095
3095,Wisconsin,55097
3096,Wisconsin,55099
3097,Wisconsin,55101
3098,Wisconsin,55103
3099,Wisconsin,55105
3100,Wisconsin,55107
3101,Wisconsin,55109
3102,Wisconsin,55111
3103,Wisconsin,55113
3104,Wisconsin,55115
3105,Wisconsin,55117
3106,Wisconsin,55119
3107,Wisconsin,55121
3108,Wisconsin,55123
3109,Wisconsin,55125
3110,Wisconsin,55127
3111,Wisconsin,55129
3112,Wisconsin,55131
3113,Wisconsin,55133
3114,Wisconsin,55135
3115,Wisconsin,55137
3116,Wisconsin,55139
3117,Wisconsin,55141
3118,Wyoming,56001
3119,Wyoming,56003
3120,Wyoming,56005
3121,Wyoming,56007
3122,Wyoming,56009
3123,Wyoming,56011
3124,Wyoming,56013
3125,Wyoming,56015
3126,Wyoming,56017
3127,Wyoming,56019
3128,Wyoming,56021
3129,Wyoming,56023
3130,Wyoming,56025
3131,Wyoming,56027
3132,Wyoming,56029
3133,Wyoming,56031
3134,Wyoming,56033
3135,Wyoming,56035
3136,Wyoming,56037
3137,Wyoming,56039
3138,Wyoming,56041
3139,Wyoming,56043
3140,Wyoming,56045
